ImagePath,Label
7004-112.jpg,CD
7002-194.jpg,CD
7002-66.jpg,CD
7002-99.jpg,CD
7003-32.jpg,CD
7003-230.jpg,CD
7003-231.jpg,CD
7003-33.jpg,CD
7001-22.jpg,CD
7004-4.jpg,CD
7005-91.jpg,CD
7002-67.jpg,CD
7006-6.jpg,CD
7004-113.jpg,CD
7005-44.jpg,CD
7002-59.jpg,CD
7005-78.jpg,CD
7005-93.jpg,CD
7005-100.jpg,CD
7003-145.jpg,CD
7004-10.jpg,CD
7003-233.jpg,CD
7003-227.jpg,CD
7003-18.jpg,CD
7004-39.jpg,CD
7001-21.jpg,CD
7005-92.jpg,CD
7002-64.jpg,CD
7005-79.jpg,CD
7006-5.jpg,CD
7004-104.jpg,CD
7002-74.jpg,CD
7004-128.jpg,CD
7002-48.jpg,CD
7004-114.jpg,CD
7005-82.jpg,CD
7005-139.jpg,CD
7004-3.jpg,CD
7001-25.jpg,CD
7005-105.jpg,CD
7003-35.jpg,CD
7004-28.jpg,CD
7005-104.jpg,CD
7005-138.jpg,CD
7002-49.jpg,CD
7002-63.jpg,CD
7002-152.jpg,CD
7005-81.jpg,CD
7001-26.jpg,CD
7003-36.jpg,CD
7001-27.jpg,CD
7003-195.jpg,CD
7005-80.jpg,CD
7002-190.jpg,CD
7004-102.jpg,CD
7001-2.jpg,CD
7002-134.jpg,CD
7001-40.jpg,CD
7001-236.jpg,CD
7001-68.jpg,CD
7001-97.jpg,CD
7004-64.jpg,CD
7003-86.jpg,CD
7001-169.jpg,CD
7004-65.jpg,CD
7003-50.jpg,CD
7001-41.jpg,CD
7001-237.jpg,CD
7005-19.jpg,CD
7005-27.jpg,CD
7004-166.jpg,CD
7005-177.jpg,CD
7001-43.jpg,CD
7001-57.jpg,CD
7001-157.jpg,CD
7003-47.jpg,CD
7001-208.jpg,CD
7001-56.jpg,CD
7001-42.jpg,CD
7005-176.jpg,CD
7002-122.jpg,CD
7004-167.jpg,CD
7005-26.jpg,CD
7004-76.jpg,CD
7004-62.jpg,CD
7004-63.jpg,CD
7004-77.jpg,CD
7001-225.jpg,CD
7005-173.jpg,CD
7002-14.jpg,CD
7004-160.jpg,CD
7002-28.jpg,CD
7002-119.jpg,CD
7001-79.jpg,CD
7001-86.jpg,CD
7004-61.jpg,CD
7003-68.jpg,CD
7004-75.jpg,CD
7003-54.jpg,CD
7001-151.jpg,CD
7005-213.jpg,CD
7001-187.jpg,CD
7001-178.jpg,CD
7002-252.jpg,CD
7003-55.jpg,CD
7004-74.jpg,CD
7004-60.jpg,CD
7001-226.jpg,CD
7001-78.jpg,CD
7005-158.jpg,CD
7002-124.jpg,CD
7004-161.jpg,CD
7005-20.jpg,CD
7004-175.jpg,CD
7004-193.jpg,CD
7005-141.jpg,CD
7005-155.jpg,CD
7004-92.jpg,CD
7004-93.jpg,CD
7004-78.jpg,CD
7001-60.jpg,CD
7005-140.jpg,CD
7004-179.jpg,CD
7002-33.jpg,CD
7002-27.jpg,CD
7005-156.jpg,CD
7005-142.jpg,CD
7005-195.jpg,CD
7004-46.jpg,CD
7004-91.jpg,CD
7004-84.jpg,CD
7005-143.jpg,CD
7005-157.jpg,CD
7002-117.jpg,CD
7002-32.jpg,CD
7004-142.jpg,CD
7005-147.jpg,CD
7001-98.jpg,CD
7005-9.jpg,CD
7004-43.jpg,CD
7003-62.jpg,CD
7001-173.jpg,CD
7005-8.jpg,CD
7005-191.jpg,CD
7005-146.jpg,CD
7002-106.jpg,CD
7002-112.jpg,CD
7004-157.jpg,CD
7004-143.jpg,CD
7004-141.jpg,CD
7002-104.jpg,CD
7004-83.jpg,CD
7004-82.jpg,CD
7003-60.jpg,CD
7004-197.jpg,CD
7004-140.jpg,CD
7002-34.jpg,CD
7004-127.jpg,CD
7002-47.jpg,CD
7002-162.jpg,CD
7002-176.jpg,CD
7004-26.jpg,CD
7003-211.jpg,CD
7003-210.jpg,CD
7004-33.jpg,CD
7003-166.jpg,CD
7005-137.jpg,CD
7001-17.jpg,CD
7002-85.jpg,CD
7002-46.jpg,CD
7004-126.jpg,CD
7002-50.jpg,CD
7002-9.jpg,CD
7004-25.jpg,CD
7001-115.jpg,CD
7002-216.jpg,CD
7002-86.jpg,CD
7002-79.jpg,CD
7004-125.jpg,CD
7002-41.jpg,CD
7004-121.jpg,CD
7005-118.jpg,CD
7003-15.jpg,CD
7002-212.jpg,CD
7001-139.jpg,CD
7004-21.jpg,CD
7005-119.jpg,CD
7005-75.jpg,CD
7004-120.jpg,CD
7005-61.jpg,CD
7005-77.jpg,CD
7004-122.jpg,CD
7002-81.jpg,CD
7003-162.jpg,CD
7003-16.jpg,CD
7003-229.jpg,CD
7003-17.jpg,CD
7003-163.jpg,CD
7005-62.jpg,CD
7005-76.jpg,CD
7004-112.jpg,CD
7002-194.jpg,CD
7002-66.jpg,CD
7002-99.jpg,CD
7003-32.jpg,CD
7003-230.jpg,CD
7003-231.jpg,CD
7003-33.jpg,CD
7001-22.jpg,CD
7004-4.jpg,CD
7005-91.jpg,CD
7002-67.jpg,CD
7006-6.jpg,CD
7004-113.jpg,CD
7005-44.jpg,CD
7002-59.jpg,CD
7005-78.jpg,CD
7005-93.jpg,CD
7005-100.jpg,CD
7003-145.jpg,CD
7004-10.jpg,CD
7003-233.jpg,CD
7003-227.jpg,CD
7003-18.jpg,CD
7004-39.jpg,CD
7001-21.jpg,CD
7005-92.jpg,CD
7002-64.jpg,CD
7005-79.jpg,CD
7006-5.jpg,CD
7004-104.jpg,CD
7002-74.jpg,CD
7004-128.jpg,CD
7002-48.jpg,CD
7004-114.jpg,CD
7005-82.jpg,CD
7005-139.jpg,CD
7004-3.jpg,CD
7001-25.jpg,CD
7005-105.jpg,CD
7003-35.jpg,CD
7004-28.jpg,CD
7005-104.jpg,CD
7005-138.jpg,CD
7002-49.jpg,CD
7002-63.jpg,CD
7002-152.jpg,CD
7005-81.jpg,CD
7001-26.jpg,CD
7003-36.jpg,CD
7001-27.jpg,CD
7003-195.jpg,CD
7005-80.jpg,CD
7002-190.jpg,CD
7004-102.jpg,CD
7001-2.jpg,CD
7002-134.jpg,CD
7001-40.jpg,CD
7001-236.jpg,CD
7001-68.jpg,CD
7001-97.jpg,CD
7004-64.jpg,CD
7003-86.jpg,CD
7001-169.jpg,CD
7004-65.jpg,CD
7003-50.jpg,CD
7001-41.jpg,CD
7001-237.jpg,CD
7005-19.jpg,CD
7005-27.jpg,CD
7004-166.jpg,CD
7005-177.jpg,CD
7001-43.jpg,CD
7001-57.jpg,CD
7001-157.jpg,CD
7003-47.jpg,CD
7001-208.jpg,CD
7001-56.jpg,CD
7001-42.jpg,CD
7005-176.jpg,CD
7002-122.jpg,CD
7004-167.jpg,CD
7005-26.jpg,CD
7004-76.jpg,CD
7004-62.jpg,CD
7004-63.jpg,CD
7004-77.jpg,CD
7001-225.jpg,CD
7005-173.jpg,CD
7002-14.jpg,CD
7004-160.jpg,CD
7002-28.jpg,CD
7002-119.jpg,CD
7001-79.jpg,CD
7001-86.jpg,CD
7004-61.jpg,CD
7003-68.jpg,CD
7004-75.jpg,CD
7003-54.jpg,CD
7001-151.jpg,CD
7005-213.jpg,CD
7001-187.jpg,CD
7001-178.jpg,CD
7002-252.jpg,CD
7003-55.jpg,CD
7004-74.jpg,CD
7004-60.jpg,CD
7001-226.jpg,CD
7001-78.jpg,CD
7005-158.jpg,CD
7002-124.jpg,CD
7004-161.jpg,CD
7005-20.jpg,CD
7004-175.jpg,CD
7004-193.jpg,CD
7005-141.jpg,CD
7005-155.jpg,CD
7004-92.jpg,CD
7004-93.jpg,CD
7004-78.jpg,CD
7001-60.jpg,CD
7005-140.jpg,CD
7004-179.jpg,CD
7002-33.jpg,CD
7002-27.jpg,CD
7005-156.jpg,CD
7005-142.jpg,CD
7005-195.jpg,CD
7004-46.jpg,CD
7004-91.jpg,CD
7004-84.jpg,CD
7005-143.jpg,CD
7005-157.jpg,CD
7002-117.jpg,CD
7002-32.jpg,CD
7004-142.jpg,CD
7005-147.jpg,CD
7001-98.jpg,CD
7005-9.jpg,CD
7004-43.jpg,CD
7003-62.jpg,CD
7001-173.jpg,CD
7005-8.jpg,CD
7005-191.jpg,CD
7005-146.jpg,CD
7002-106.jpg,CD
7002-112.jpg,CD
7004-157.jpg,CD
7004-143.jpg,CD
7004-141.jpg,CD
7002-104.jpg,CD
7004-83.jpg,CD
7004-82.jpg,CD
7003-60.jpg,CD
7004-197.jpg,CD
7004-140.jpg,CD
7002-34.jpg,CD
7004-127.jpg,CD
7002-47.jpg,CD
7002-162.jpg,CD
7002-176.jpg,CD
7004-26.jpg,CD
7003-211.jpg,CD
7003-210.jpg,CD
7004-33.jpg,CD
7003-166.jpg,CD
7005-137.jpg,CD
7001-17.jpg,CD
7002-85.jpg,CD
7002-46.jpg,CD
7004-126.jpg,CD
7002-50.jpg,CD
7002-9.jpg,CD
7004-25.jpg,CD
7001-115.jpg,CD
7002-216.jpg,CD
7002-86.jpg,CD
7002-79.jpg,CD
7004-125.jpg,CD
7002-41.jpg,CD
7004-121.jpg,CD
7005-118.jpg,CD
7003-15.jpg,CD
7002-212.jpg,CD
7001-139.jpg,CD
7004-21.jpg,CD
7005-119.jpg,CD
7005-75.jpg,CD
7004-120.jpg,CD
7005-61.jpg,CD
7005-77.jpg,CD
7004-122.jpg,CD
7002-81.jpg,CD
7003-162.jpg,CD
7003-16.jpg,CD
7003-229.jpg,CD
7003-17.jpg,CD
7003-163.jpg,CD
7005-62.jpg,CD
7005-76.jpg,CD
7001-37.jpg,UD
7001-23.jpg,UD
7001-137.jpg,UD
7001-123.jpg,UD
7001-122.jpg,UD
7001-136.jpg,UD
7001-36.jpg,UD
7001-20.jpg,UD
7001-34.jpg,UD
7001-120.jpg,UD
7001-134.jpg,UD
7001-108.jpg,UD
7001-109.jpg,UD
7001-135.jpg,UD
7001-121.jpg,UD
7001-35.jpg,UD
7001-19.jpg,UD
7001-31.jpg,UD
7001-119.jpg,UD
7001-125.jpg,UD
7001-131.jpg,UD
7001-130.jpg,UD
7001-124.jpg,UD
7001-118.jpg,UD
7001-30.jpg,UD
7001-24.jpg,UD
7001-18.jpg,UD
7001-32.jpg,UD
7001-132.jpg,UD
7001-126.jpg,UD
7001-127.jpg,UD
7001-133.jpg,UD
7001-33.jpg,UD
7001-222.jpg,UD
7001-54.jpg,UD
7001-83.jpg,UD
7001-154.jpg,UD
7001-140.jpg,UD
7001-168.jpg,UD
7001-197.jpg,UD
7001-183.jpg,UD
7001-182.jpg,UD
7001-196.jpg,UD
7001-141.jpg,UD
7001-155.jpg,UD
7001-82.jpg,UD
7001-96.jpg,UD
7001-69.jpg,UD
7001-223.jpg,UD
7001-55.jpg,UD
7001-3.jpg,UD
7001-1.jpg,UD
7001-221.jpg,UD
7001-209.jpg,UD
7001-80.jpg,UD
7001-94.jpg,UD
7001-143.jpg,UD
7001-180.jpg,UD
7001-194.jpg,UD
7001-195.jpg,UD
7001-181.jpg,UD
7001-156.jpg,UD
7001-142.jpg,UD
7001-95.jpg,UD
7001-81.jpg,UD
7001-220.jpg,UD
7001-4.jpg,UD
7001-218.jpg,UD
7001-46.jpg,UD
7001-230.jpg,UD
7001-224.jpg,UD
7001-52.jpg,UD
7001-85.jpg,UD
7001-91.jpg,UD
7001-146.jpg,UD
7001-152.jpg,UD
7001-185.jpg,UD
7001-191.jpg,UD
7001-190.jpg,UD
7001-184.jpg,UD
7001-153.jpg,UD
7001-147.jpg,UD
7001-90.jpg,UD
7001-84.jpg,UD
7001-53.jpg,UD
7001-47.jpg,UD
7001-231.jpg,UD
7001-219.jpg,UD
7001-5.jpg,UD
7001-7.jpg,UD
7001-51.jpg,UD
7001-227.jpg,UD
7001-45.jpg,UD
7001-92.jpg,UD
7001-179.jpg,UD
7001-145.jpg,UD
7001-192.jpg,UD
7001-186.jpg,UD
7001-193.jpg,UD
7001-144.jpg,UD
7001-150.jpg,UD
7001-87.jpg,UD
7001-93.jpg,UD
7001-44.jpg,UD
7001-50.jpg,UD
7001-6.jpg,UD
7001-203.jpg,UD
7001-75.jpg,UD
7001-61.jpg,UD
7001-217.jpg,UD
7001-49.jpg,UD
7001-175.jpg,UD
7001-161.jpg,UD
7001-149.jpg,UD
7001-148.jpg,UD
7001-160.jpg,UD
7001-174.jpg,UD
7001-48.jpg,UD
7001-216.jpg,UD
7001-202.jpg,UD
7001-74.jpg,UD
7001-8.jpg,UD
7001-214.jpg,UD
7001-62.jpg,UD
7001-76.jpg,UD
7001-200.jpg,UD
7001-228.jpg,UD
7001-89.jpg,UD
7001-162.jpg,UD
7001-176.jpg,UD
7001-189.jpg,UD
7001-188.jpg,UD
7001-177.jpg,UD
7001-163.jpg,UD
7001-88.jpg,UD
7001-229.jpg,UD
7001-77.jpg,UD
7001-201.jpg,UD
7001-215.jpg,UD
7001-63.jpg,UD
7001-9.jpg,UD
7001-67.jpg,UD
7001-211.jpg,UD
7001-205.jpg,UD
7001-73.jpg,UD
7001-167.jpg,UD
7001-198.jpg,UD
7001-199.jpg,UD
7001-172.jpg,UD
7001-166.jpg,UD
7001-99.jpg,UD
7001-204.jpg,UD
7001-72.jpg,UD
7001-66.jpg,UD
7001-210.jpg,UD
7001-58.jpg,UD
7001-70.jpg,UD
7001-206.jpg,UD
7001-212.jpg,UD
7001-64.jpg,UD
7001-158.jpg,UD
7001-170.jpg,UD
7001-164.jpg,UD
7001-165.jpg,UD
7001-171.jpg,UD
7001-159.jpg,UD
7001-213.jpg,UD
7001-65.jpg,UD
7001-71.jpg,UD
7001-207.jpg,UD
7001-59.jpg,UD
7001-16.jpg,UD
7001-116.jpg,UD
7001-102.jpg,UD
7001-103.jpg,UD
7001-117.jpg,UD
7001-15.jpg,UD
7001-29.jpg,UD
7001-101.jpg,UD
7001-129.jpg,UD
7001-128.jpg,UD
7001-114.jpg,UD
7001-100.jpg,UD
7001-28.jpg,UD
7001-14.jpg,UD
7001-38.jpg,UD
7001-10.jpg,UD
7001-138.jpg,UD
7001-104.jpg,UD
7001-110.jpg,UD
7001-111.jpg,UD
7001-105.jpg,UD
7001-11.jpg,UD
7001-39.jpg,UD
7001-13.jpg,UD
7001-113.jpg,UD
7001-107.jpg,UD
7001-106.jpg,UD
7001-112.jpg,UD
7001-12.jpg,UD
